model,roc_auc
logistic_regression,0.7545373614348844
random_forest,0.7534780655784094
